
{
  "cli": {
    "version": ">= 5.0.0"
  },
  "build": {
    "development": {
      "developmentClient": true,
      "distribution": "internal",
      "autoIncrement": true,
      "env": {
        "APP_ENV": "development"
      },
      "android": {
        "gradleCommand": ":app:assembleDebug",
        "buildType": "apk"
      }
    },
    "preview": {
      "distribution": "internal",
      "autoIncrement": true,
      "env": {
        "APP_ENV": "preview"
      },
      "android": {
        "buildType": "apk",
        "gradleCommand": ":app:assembleRelease"
      }
    },
    "production": {
      "autoIncrement": true,
      "env": {
        "APP_ENV": "production"
      },
      "android": {
        "buildType": "app-bundle"
      },
      "ios": {
        "simulator": false
      }
    }
  },
  "submit": {
    "production": {
      "android": {
        "serviceAccountKeyPath": "./google-service-account.json",
        "track": "internal"
      },
      "ios": {
        "appleId": "your-apple-id@example.com",
        "ascAppId": "your-asc-app-id",
        "appleTeamId": "your-team-id"
      }
    }
  }
}
